influencer_name,follower_count,Influencer_page_url
ho_ho_catering,835.0,https://www.instagram.com/ho_ho_catering/
latitude_luz,698.0,https://www.instagram.com/latitude_luz/
orland0aprendiz,10100.0,https://www.instagram.com/orland0aprendiz/
croissant.emtuacasa,910.0,https://www.instagram.com/croissant.emtuacasa/
sofyfoods,1097.0,https://www.instagram.com/sofyfoods/
gazelacachorrinho,6502.0,https://www.instagram.com/gazelacachorrinho/
_jgpf9_,1947.0,https://www.instagram.com/_jgpf9_/
cacaushop.pt,2635.0,https://www.instagram.com/cacaushop.pt/
pipocas_restaurante,192.0,https://www.instagram.com/pipocas_restaurante/
adeliacosta26,15100.0,https://www.instagram.com/adeliacosta26/
osspratododia,86.0,https://www.instagram.com/osspratododia/
venturas_a_dois,43.0,https://www.instagram.com/venturas_a_dois/
veronicalangella22,1620.0,https://www.instagram.com/veronicalangella22/
cozinhaa.c,141.0,https://www.instagram.com/cozinhaa.c/
casadatatiferre,11600.0,https://www.instagram.com/casadatatiferre/
ttmxco,164.0,https://www.instagram.com/ttmxco/
pitstop_on_the_beach,578.0,https://www.instagram.com/pitstop_on_the_beach/
alexbytheocean,3153.0,https://www.instagram.com/alexbytheocean/
opitdog,13100.0,https://www.instagram.com/opitdog/
k.festa_eventos,200.0,https://www.instagram.com/k.festa_eventos/
5_chefs_dans_ma_cuisine,8036.0,https://www.instagram.com/5_chefs_dans_ma_cuisine/
homemadefoodpt,952.0,https://www.instagram.com/homemadefoodpt/
restaurante_pisca,4798.0,https://www.instagram.com/restaurante_pisca/
latagliatella_pt,4899.0,https://www.instagram.com/latagliatella_pt/
italycaffegaia,457.0,https://www.instagram.com/italycaffegaia/
chefgustavoferreira,482.0,https://www.instagram.com/chefgustavoferreira/
fanclubfotos,157.0,https://www.instagram.com/fanclubfotos/
marians8,602.0,https://www.instagram.com/marians8/
juniormdes,311.0,https://www.instagram.com/juniormdes/
chefsofresh,166.0,https://www.instagram.com/chefsofresh/
marydaisean,3075.0,https://www.instagram.com/marydaisean/
deliciouslyspicy,150.0,https://www.instagram.com/deliciouslyspicy/
deliciasdasil.pt,998.0,https://www.instagram.com/deliciasdasil.pt/
maria.lopesdosreis,879.0,https://www.instagram.com/maria.lopesdosreis/
lowsugardan,112.0,https://www.instagram.com/lowsugardan/
vime_restaurante,560.0,https://www.instagram.com/vime_restaurante/
saboresdobrasilvr,348.0,https://www.instagram.com/saboresdobrasilvr/
cozinha_compaixao,362.0,https://www.instagram.com/cozinha_compaixao/
_carol_monteiro09,7216.0,https://www.instagram.com/_carol_monteiro09/
chefnascimentosi,213.0,https://www.instagram.com/chefnascimentosi/
ghrestaurantcafe,496.0,https://www.instagram.com/ghrestaurantcafe/
brazilfoodhunter,191.0,https://www.instagram.com/brazilfoodhunter/
davido.pescador,1226.0,https://www.instagram.com/davido.pescador/
cooking_portugal,120.0,https://www.instagram.com/cooking_portugal/
travelspotsportugal,5.0,https://www.instagram.com/travelspotsportugal/
maryam.chaybiya,336.0,https://www.instagram.com/maryam.chaybiya/
cruz_cook_,1352.0,https://www.instagram.com/cruz_cook_/
carlosg_1985,253.0,https://www.instagram.com/carlosg_1985/
theus_viidal,1418.0,https://www.instagram.com/theus_viidal/
lazybreakfastclub,11100.0,https://www.instagram.com/lazybreakfastclub/
nacoes.cs,510.0,https://www.instagram.com/nacoes.cs/
vilanovatourcoing,384.0,https://www.instagram.com/vilanovatourcoing/
andorinha.pasteisdenata,150.0,https://www.instagram.com/andorinha.pasteisdenata/
elevenlabconcept,16100.000000000002,https://www.instagram.com/elevenlabconcept/
margaridafood_,105.0,https://www.instagram.com/margaridafood_/
goldbeeon,144000.0,https://www.instagram.com/goldbeeon/
ficaadicapt,1319.0,https://www.instagram.com/ficaadicapt/
restaurantetraca,2191.0,https://www.instagram.com/restaurantetraca/
voyagesdesdoudoux,1122.0,https://www.instagram.com/voyagesdesdoudoux/
batventuresblog,2634.0,https://www.instagram.com/batventuresblog/
restaurante_o_patio,1309.0,https://www.instagram.com/restaurante_o_patio/
nuri_fefi,42.0,https://www.instagram.com/nuri_fefi/
lusocuisto,103.0,https://www.instagram.com/lusocuisto/
martinsgudo,1210.0,https://www.instagram.com/martinsgudo/
foodclubtuga,2980.0,https://www.instagram.com/foodclubtuga/
saypizza.pt,781.0,https://www.instagram.com/saypizza.pt/
restauranteesconderijo,1949.0,https://www.instagram.com/restauranteesconderijo/
__lilianagoncalves__,1080.0,https://www.instagram.com/__lilianagoncalves__/
catharina_fernandes_,11000.0,https://www.instagram.com/catharina_fernandes_/
oportoluxuryliving,185.0,https://www.instagram.com/oportoluxuryliving/
medartio,188.0,https://www.instagram.com/medartio/
terreiro_restaurante,1190.0,https://www.instagram.com/terreiro_restaurante/
exploreyourfavouritetaste,3316.0,https://www.instagram.com/exploreyourfavouritetaste/
lili.geladinhos,2129.0,https://www.instagram.com/lili.geladinhos/
a.meninadosdoces,2312.0,https://www.instagram.com/a.meninadosdoces/
corafoetz,1321.0,https://www.instagram.com/corafoetz/
primobasilicoalfama,2257.0,https://www.instagram.com/primobasilicoalfama/
mariodealmeidasantos,131.0,https://www.instagram.com/mariodealmeidasantos/
chefricardo.t.dasilva,933.0,https://www.instagram.com/chefricardo.t.dasilva/
matadourobeachbar,1152.0,https://www.instagram.com/matadourobeachbar/
oficinadosrissois,1745.0,https://www.instagram.com/oficinadosrissois/
executive_express,811.0,https://www.instagram.com/executive_express/
alojadospasteisdechaves.pt,247.0,https://www.instagram.com/alojadospasteisdechaves.pt/
mathieu_techer_,1307.0,https://www.instagram.com/mathieu_techer_/
borgeavenue,1048.0,https://www.instagram.com/borgeavenue/
karen_made_it_,2957.0,https://www.instagram.com/karen_made_it_/
casa_jardim_peniche,317.0,https://www.instagram.com/casa_jardim_peniche/
malhabar_nber_1,590.0,https://www.instagram.com/malhabar_nber_1/
mgborralhadolis,746.0,https://www.instagram.com/mgborralhadolis/
creperia_fam_house,971.0,https://www.instagram.com/creperia_fam_house/
spottedbydiana,50.0,https://www.instagram.com/spottedbydiana/
akatsuki_akatsushi,147.0,https://www.instagram.com/akatsuki_akatsushi/
deguste_food,57.0,https://www.instagram.com/deguste_food/
hapiteu,11700.0,https://www.instagram.com/hapiteu/
saboresdalapa,762.0,https://www.instagram.com/saboresdalapa/
roda_panc,1470.0,https://www.instagram.com/roda_panc/
jorgej_live,63.0,https://www.instagram.com/jorgej_live/
martial.journey,3037.0,https://www.instagram.com/martial.journey/
cocinacontatin,832.0,https://www.instagram.com/cocinacontatin/
foodalgarve,122.0,https://www.instagram.com/foodalgarve/
infornoesforno,3230.0,https://www.instagram.com/infornoesforno/
lapteva_dasha,3553.0,https://www.instagram.com/lapteva_dasha/
miss_petiscos_,1852.0,https://www.instagram.com/miss_petiscos_/
iltartufocoimbra,4502.0,https://www.instagram.com/iltartufocoimbra/
boas_fugas,62.0,https://www.instagram.com/boas_fugas/
maotravessa,490.0,https://www.instagram.com/maotravessa/
mara_gavah,47.0,https://www.instagram.com/mara_gavah/
wine_by_julia,7321.0,https://www.instagram.com/wine_by_julia/
theagritect,11400.0,https://www.instagram.com/theagritect/
amelie.bernardin,528.0,https://www.instagram.com/amelie.bernardin/
ora.que.bem,1.0,https://www.instagram.com/ora.que.bem/
portogay,2189.0,https://www.instagram.com/portogay/
alinaabramiuc,913.0,https://www.instagram.com/alinaabramiuc/
foodandt.r.ips,72.0,https://www.instagram.com/foodandt.r.ips/
goela.porto,2802.0,https://www.instagram.com/goela.porto/
ptites.douceurs,168.0,https://www.instagram.com/ptites.douceurs/
ugggeofood,671.0,https://www.instagram.com/ugggeofood/
gabigomeszanola,1080.0,https://www.instagram.com/gabigomeszanola/
adegasnicolau,2572.0,https://www.instagram.com/adegasnicolau/
tascandoeandando,993.0,https://www.instagram.com/tascandoeandando/
eli_sinfronteras,1649.0,https://www.instagram.com/eli_sinfronteras/
rockioskcafe,540.0,https://www.instagram.com/rockioskcafe/
tipsforfunofficial,1821.0,https://www.instagram.com/tipsforfunofficial/
lounge_kazuya,533.0,https://www.instagram.com/lounge_kazuya/
empanadas.and.co,727.0,https://www.instagram.com/empanadas.and.co/
chefrobertostracquadaini,440.0,https://www.instagram.com/chefrobertostracquadaini/
rodry_fv,29.0,https://www.instagram.com/rodry_fv/
madrona_gastronomia,563.0,https://www.instagram.com/madrona_gastronomia/
eat.delicate.food,279.0,https://www.instagram.com/eat.delicate.food/
chefjoabejesus,1139.0,https://www.instagram.com/chefjoabejesus/
nuts4shakabra,1684.0,https://www.instagram.com/nuts4shakabra/
grilling_bonito,4413.0,https://www.instagram.com/grilling_bonito/
guia.restaurantes,181.0,https://www.instagram.com/guia.restaurantes/
foodwineexperience,287.0,https://www.instagram.com/foodwineexperience/
fujifilmphotographerportugal,33.0,https://www.instagram.com/fujifilmphotographerportugal/
bostonadventurers,303.0,https://www.instagram.com/bostonadventurers/
isa_personalstylist,27.0,https://www.instagram.com/isa_personalstylist/
laurabergeroficial,20800.0,https://www.instagram.com/laurabergeroficial/
vegmente,294.0,https://www.instagram.com/vegmente/
lacarniceria.euro,409.0,https://www.instagram.com/lacarniceria.euro/
thekarakgyal,562.0,https://www.instagram.com/thekarakgyal/
finediningportugal,109.0,https://www.instagram.com/finediningportugal/
acrushon___,10400.0,https://www.instagram.com/acrushon___/
gatayboqueron,569.0,https://www.instagram.com/gatayboqueron/
galerias_eboli,2951.0,https://www.instagram.com/galerias_eboli/
cientovoland,2081.0,https://www.instagram.com/cientovoland/
qualeaboa_lisboa,33600.0,https://www.instagram.com/qualeaboa_lisboa/
wonderlust.portugal,179000.0,https://www.instagram.com/wonderlust.portugal/
fixemix,840.0,https://www.instagram.com/fixemix/
laricadoporto,3637.0,https://www.instagram.com/laricadoporto/
torikozlova,628.0,https://www.instagram.com/torikozlova/
bhukkad_001,11300.0,https://www.instagram.com/bhukkad_001/
insideyvan,1732.0,https://www.instagram.com/insideyvan/
isa_bella_kitchen,550.0,https://www.instagram.com/isa_bella_kitchen/
armazemdachef,1043.0,https://www.instagram.com/armazemdachef/
portofoodstories,700.0,https://www.instagram.com/portofoodstories/
amoree_sofie,88.0,https://www.instagram.com/amoree_sofie/
portugalminhacasa,1355.0,https://www.instagram.com/portugalminhacasa/
liliana_navarra_a_lisbona,3054.0,https://www.instagram.com/liliana_navarra_a_lisbona/
montse_cuinetes,273.0,https://www.instagram.com/montse_cuinetes/
tiamariasblog,4499.0,https://www.instagram.com/tiamariasblog/
marialoveslavie,139.0,https://www.instagram.com/marialoveslavie/
tialurdes.oficial,1026.0,https://www.instagram.com/tialurdes.oficial/
tangibiliemozioni,4937.0,https://www.instagram.com/tangibiliemozioni/
happy_food_in_porto,935.0,https://www.instagram.com/happy_food_in_porto/
unlimitedportugal,86000.0,https://www.instagram.com/unlimitedportugal/
lanonnaporto,1983.0,https://www.instagram.com/lanonnaporto/
luisbriones79,218.0,https://www.instagram.com/luisbriones79/
donantonia_pastelaria,3399.0,https://www.instagram.com/donantonia_pastelaria/
foodenyo,3893.0,https://www.instagram.com/foodenyo/
jp_dureuil,331.0,https://www.instagram.com/jp_dureuil/
foodexplorers_madbcn,388.0,https://www.instagram.com/foodexplorers_madbcn/
eattheworld_malta,42.0,https://www.instagram.com/eattheworld_malta/
scrumptiouscookinghabits,68.0,https://www.instagram.com/scrumptiouscookinghabits/
instatraveldose,25.0,https://www.instagram.com/instatraveldose/
malvon.pt,39100.0,https://www.instagram.com/malvon.pt/
robert.catanescu,192.0,https://www.instagram.com/robert.catanescu/
tokyo_ya.portugal,1192.0,https://www.instagram.com/tokyo_ya.portugal/
pitadinhasdeamor_,2926.0,https://www.instagram.com/pitadinhasdeamor_/
marioluso.restaurante,632.0,https://www.instagram.com/marioluso.restaurante/
fabiotokyoya,12000.0,https://www.instagram.com/fabiotokyoya/
leitaodoze,1013.0,https://www.instagram.com/leitaodoze/
pepit_food,1321.0,https://www.instagram.com/pepit_food/
cheff_amadora,10300.0,https://www.instagram.com/cheff_amadora/
taste_braga,3200.0,https://www.instagram.com/taste_braga/
filipapr,12600.0,https://www.instagram.com/filipapr/
ubetterbrunch_lisbon,2390.0,https://www.instagram.com/ubetterbrunch_lisbon/
tugastore.uk,100.0,https://www.instagram.com/tugastore.uk/
teresa_vai_de_ferias_,501.0,https://www.instagram.com/teresa_vai_de_ferias_/
mpeschell,3980.0,https://www.instagram.com/mpeschell/
food_portugal,129.0,https://www.instagram.com/food_portugal/
azeiteamorecego,1545.0,https://www.instagram.com/azeiteamorecego/
estart4,239.0,https://www.instagram.com/estart4/
barcarolarestaurantes,627.0,https://www.instagram.com/barcarolarestaurantes/
malik_d_paris,138.0,https://www.instagram.com/malik_d_paris/
ldruesne,96.0,https://www.instagram.com/ldruesne/
spot.cafebar,116.0,https://www.instagram.com/spot.cafebar/
iviandesign,339.0,https://www.instagram.com/iviandesign/
le_guide_mitchlin,57.0,https://www.instagram.com/le_guide_mitchlin/
parrilhita,10000.0,https://www.instagram.com/parrilhita/
sebastien_gael,29.0,https://www.instagram.com/sebastien_gael/
saboreseacores,467.0,https://www.instagram.com/saboreseacores/
mascalzone_italian_food,1209.0,https://www.instagram.com/mascalzone_italian_food/
barbaraphot0graphy,939.0,https://www.instagram.com/barbaraphot0graphy/
wineloverstapas,119.0,https://www.instagram.com/wineloverstapas/
jackielendorf,178.0,https://www.instagram.com/jackielendorf/
weblime_pt,149.0,https://www.instagram.com/weblime_pt/
filling.pt,1384.0,https://www.instagram.com/filling.pt/
raizgastronomia_,688.0,https://www.instagram.com/raizgastronomia_/
_wine_club_,149.0,https://www.instagram.com/_wine_club_/
the_real_portugal,2550.0,https://www.instagram.com/the_real_portugal/
feito.ao.bife,184.0,https://www.instagram.com/feito.ao.bife/
maestrellaportugal,144.0,https://www.instagram.com/maestrellaportugal/
waffle_bubblegondomar,1276.0,https://www.instagram.com/waffle_bubblegondomar/
triggu.online,67.0,https://www.instagram.com/triggu.online/
pickpackfood,65.0,https://www.instagram.com/pickpackfood/
chefelaisemosquera,1053.0,https://www.instagram.com/chefelaisemosquera/
cozinha_cabral,2926.0,https://www.instagram.com/cozinha_cabral/
katrina_zusevica,441.0,https://www.instagram.com/katrina_zusevica/
taninha_90,678.0,https://www.instagram.com/taninha_90/
capanorioporto,1176.0,https://www.instagram.com/capanorioporto/
lovelyfoodpt,515.0,https://www.instagram.com/lovelyfoodpt/
tastytina,71.0,https://www.instagram.com/tastytina/
cantinhodocafe.pt,164.0,https://www.instagram.com/cantinhodocafe.pt/
marafernandaoliveirabem,215.0,https://www.instagram.com/marafernandaoliveirabem/
a_a_r_a_g_a_o,688.0,https://www.instagram.com/a_a_r_a_g_a_o/
autismonamala.pt,1004.0,https://www.instagram.com/autismonamala.pt/
achefvi,379.0,https://www.instagram.com/achefvi/
anastasia_in_portugal,3277.0,https://www.instagram.com/anastasia_in_portugal/
kanoafoz,1009.0,https://www.instagram.com/kanoafoz/
___paolitaa___,124.0,https://www.instagram.com/___paolitaa___/
belleepoque.restaurante,157.0,https://www.instagram.com/belleepoque.restaurante/
clerigostastingroom,433.0,https://www.instagram.com/clerigostastingroom/
lelichekk,1396.0,https://www.instagram.com/lelichekk/
legavroche75002,430.0,https://www.instagram.com/legavroche75002/
aroundfoodies,121.0,https://www.instagram.com/aroundfoodies/
ilbocconcino.pt,837.0,https://www.instagram.com/ilbocconcino.pt/
chhiwatbychristina,464.0,https://www.instagram.com/chhiwatbychristina/
deniseferreiradacruz,395.0,https://www.instagram.com/deniseferreiradacruz/
artforfoodies,17900.0,https://www.instagram.com/artforfoodies/
cascais4senses,2085.0,https://www.instagram.com/cascais4senses/
losamoelle.lisboa,616.0,https://www.instagram.com/losamoelle.lisboa/
danielerosa100,257.0,https://www.instagram.com/danielerosa100/
zizitopcuisinecv1,150.0,https://www.instagram.com/zizitopcuisinecv1/
smnbss1,282.0,https://www.instagram.com/smnbss1/
nomeupalato,714.0,https://www.instagram.com/nomeupalato/
papofuradoportugal,1227.0,https://www.instagram.com/papofuradoportugal/
cantinhocariocacaparica,654.0,https://www.instagram.com/cantinhocariocacaparica/
thecrickettable,2283.0,https://www.instagram.com/thecrickettable/
vcweb.pt,38.0,https://www.instagram.com/vcweb.pt/
dolcechica__,1470.0,https://www.instagram.com/dolcechica__/
jopesa85,624.0,https://www.instagram.com/jopesa85/
tati.ostrower,2633.0,https://www.instagram.com/tati.ostrower/
ramalhosasilvana,2.0,https://www.instagram.com/ramalhosasilvana/
amoraospedacoscakeshop,2607.0,https://www.instagram.com/amoraospedacoscakeshop/
djphephz,15600.0,https://www.instagram.com/djphephz/
hortidouro,395.0,https://www.instagram.com/hortidouro/
roteirodosabor,636.0,https://www.instagram.com/roteirodosabor/
breadbrunchbakery,2285.0,https://www.instagram.com/breadbrunchbakery/
breathebrunchfeel,3061.0,https://www.instagram.com/breathebrunchfeel/
heelpdelivery.pt,14200.0,https://www.instagram.com/heelpdelivery.pt/
restauranteitalia_coimbra,3304.0,https://www.instagram.com/restauranteitalia_coimbra/
stefanbevila,1202.0,https://www.instagram.com/stefanbevila/
geladosneveiros,1383.0,https://www.instagram.com/geladosneveiros/
oseubitoquept,75.0,https://www.instagram.com/oseubitoquept/
gastronomiaitalianacascais,334.0,https://www.instagram.com/gastronomiaitalianacascais/
wonder.emotion,3430.0,https://www.instagram.com/wonder.emotion/
pdqdaje,288.0,https://www.instagram.com/pdqdaje/
silviocunhafotografia.pt,9488.0,https://www.instagram.com/silviocunhafotografia.pt/
maonamassa.pt,550.0,https://www.instagram.com/maonamassa.pt/
merceariadoaviz,718.0,https://www.instagram.com/merceariadoaviz/
amorehortela.cozinhavegana,1506.0,https://www.instagram.com/amorehortela.cozinhavegana/
gordana221mn.rosequeen,5003.0,https://www.instagram.com/gordana221mn.rosequeen/
tiagomarto,2426.0,https://www.instagram.com/tiagomarto/
tiago.vba.santos,178.0,https://www.instagram.com/tiago.vba.santos/
justmeatspt,1023.0,https://www.instagram.com/justmeatspt/
iam_rex_d,256.0,https://www.instagram.com/iam_rex_d/
douahourestaurant,682.0,https://www.instagram.com/douahourestaurant/
saboresnyeg,156.0,https://www.instagram.com/saboresnyeg/
capanabaixa,1813.0,https://www.instagram.com/capanabaixa/
papa_no_bucho,206.0,https://www.instagram.com/papa_no_bucho/
fotografosilviocunha.pt,2797.0,https://www.instagram.com/fotografosilviocunha.pt/
mxm.food.drinks,1280.0,https://www.instagram.com/mxm.food.drinks/
